transaction_id,difficulty,cascade_id
txn-02355,,
txn-01587,,
txn-01569,,
txn-01302,,
txn-01594,,
txn-02536,,
txn-00146,,
txn-00613,,
txn-02709,,
txn-01454,,
txn-01883,,
txn-00922,,
txn-02535,,
txn-00743,,
txn-01399,,
txn-01979,,
txn-00400,,
txn-01260,,
txn-00078,,
txn-01763,,
txn-02958,,
txn-01768,,
txn-02068,,
txn-00754,,
txn-00727,,
txn-01864,,
txn-00050,,
txn-00463,,
txn-00578,,
txn-01532,,
txn-01482,,
txn-01735,,
txn-00737,,
txn-01618,,
txn-00339,,
txn-00839,,
txn-01488,,
txn-00954,,
txn-02917,,
txn-00759,,
txn-01365,,
txn-01035,,
txn-00482,,
txn-02312,,
txn-01943,,
txn-01899,,
txn-02588,,
txn-01218,,
txn-00599,,
txn-01830,,
txn-00357,,
txn-00188,,
txn-02787,,
txn-01211,,
txn-02477,,
txn-02139,,
txn-02463,,
txn-01547,,
txn-01702,,
txn-01215,,
txn-00238,,
txn-00854,,
txn-01291,,
txn-02596,,
txn-02884,,
txn-02271,,
txn-02270,,
txn-02653,,
txn-01581,,
txn-01734,,
txn-01578,,
txn-01586,,
txn-02263,,
txn-02308,,
txn-00349,,
txn-02087,,
txn-01561,,
txn-00528,,
txn-02660,,
txn-00425,,
txn-01489,,
txn-00300,,
txn-02342,,
txn-00063,,
txn-02811,,
txn-02339,,
txn-00076,,
txn-02305,,
txn-02876,,
txn-01279,,
txn-00585,,
txn-00548,,
txn-02045,,
txn-00871,,
txn-00312,,
txn-02897,,
txn-00065,,
txn-01723,,
txn-02327,,
txn-01196,,
txn-00929,,
txn-02717,,
txn-01342,,
txn-01247,,
txn-00936,,
txn-02360,,
txn-02872,,
txn-02901,,
txn-01742,,
txn-00031,,
txn-01372,,
txn-01801,,
txn-02558,,
txn-01662,,
txn-00126,,
txn-00440,,
txn-02814,,
txn-02055,,
txn-02756,,
txn-02130,,
txn-01060,,
txn-00586,,
txn-01804,,
txn-01806,,
txn-01728,,
txn-02760,,
txn-02458,,
txn-00265,,
txn-00895,,
txn-01834,,
txn-02363,,
txn-00605,,
txn-00833,,
txn-00992,,
txn-02244,,
txn-02390,,
txn-02869,,
txn-02559,,
txn-00616,,
txn-00368,,
txn-00476,,
txn-00669,,
txn-02039,,
txn-01065,,
txn-01105,,
txn-02655,,
txn-02153,,
txn-02230,,
txn-01447,,
txn-02387,,
txn-00264,,
txn-02554,,
txn-02639,,
txn-02251,,
txn-01406,,
txn-01402,,
txn-01033,,
txn-01953,,
txn-02222,,
txn-01009,,
txn-01567,,
txn-01278,,
txn-00624,,
txn-01237,,
txn-02647,,
txn-00606,,
txn-01620,,
txn-02842,,
txn-00301,,
txn-02396,,
txn-02143,,
txn-00565,,
txn-00546,,
txn-00042,,
txn-00093,,
txn-00326,,
txn-02485,,
txn-01849,,
txn-01115,,
txn-01750,,
txn-00778,,
txn-02722,,
txn-02438,,
txn-01189,,
txn-01335,,
txn-00486,,
txn-01123,,
txn-02943,,
txn-00837,,
txn-00388,,
txn-00526,,
txn-00569,,
txn-01800,,
txn-00584,,
txn-02467,,
txn-01571,,
txn-01520,,
txn-00571,,
txn-00025,,
txn-02676,,
txn-00596,,
txn-02725,,
txn-02793,,
txn-02245,,
txn-01287,,
txn-00520,,
txn-00379,,
txn-01913,,
txn-02203,,
txn-02440,,
txn-00498,,
txn-00199,,
txn-01226,,
txn-01839,,
txn-02747,,
txn-02860,,
txn-00317,,
txn-00255,,
txn-02425,,
txn-02364,,
txn-00679,,
txn-00405,,
txn-02922,,
txn-02549,,
txn-00189,,
txn-01493,,
txn-01692,,
txn-01418,,
txn-01749,,
txn-02052,,
txn-02695,,
txn-01952,,
txn-00193,,
txn-03001,level_1,cascade-00
txn-03018,level_1,cascade-00
txn-03009,level_1,cascade-00
txn-03002,level_1,cascade-00
txn-03016,level_1,cascade-00
txn-03025,level_1,cascade-00
txn-03024,level_1,cascade-00
txn-03008,level_1,cascade-00
txn-01508,,
txn-03003,level_1,cascade-00
txn-03023,level_1,cascade-00
txn-03017,level_1,cascade-00
txn-03011,level_1,cascade-00
txn-03010,level_1,cascade-00
txn-03020,level_1,cascade-00
txn-03019,level_1,cascade-00
txn-03022,level_1,cascade-00
txn-03014,level_1,cascade-00
txn-03004,level_1,cascade-00
txn-03013,level_1,cascade-00
txn-03012,level_1,cascade-00
txn-03006,level_1,cascade-00
txn-03015,level_1,cascade-00
txn-03005,level_1,cascade-00
txn-03007,level_1,cascade-00
txn-03021,level_1,cascade-00
txn-00014,,
txn-01080,,
txn-02146,,
txn-02979,,
txn-01925,,
txn-02487,,
txn-01393,,
txn-00225,,
txn-02544,,
txn-00741,,
txn-00026,,
txn-02827,,
txn-00822,,
txn-00464,,
txn-01022,,
txn-01361,,
txn-01842,,
txn-01478,,
txn-02580,,
txn-02223,,
txn-01680,,
txn-00541,,
txn-01606,,
txn-00987,,
txn-01877,,
txn-01319,,
txn-02419,,
txn-00172,,
txn-01209,,
txn-01136,,
txn-01194,,
txn-00967,,
txn-00275,,
txn-01985,,
txn-01304,,
txn-01649,,
txn-00216,,
txn-01716,,
txn-01819,,
txn-01674,,
txn-01607,,
txn-00790,,
txn-01852,,
txn-00735,,
txn-00777,,
txn-01436,,
txn-00131,,
txn-01805,,
txn-01351,,
txn-02376,,
txn-01318,,
txn-00695,,
txn-00672,,
txn-02841,,
txn-01715,,
txn-01212,,
txn-02062,,
txn-01686,,
txn-02997,,
txn-01911,,
txn-01207,,
txn-02749,,
txn-02999,,
txn-01073,,
txn-01220,,
txn-01601,,
txn-02286,,
txn-00896,,
txn-00516,,
txn-00279,,
txn-02784,,
txn-02368,,
txn-00590,,
txn-01151,,
txn-01956,,
txn-02623,,
txn-02059,,
txn-02667,,
txn-00006,,
txn-01986,,
txn-00038,,
txn-01630,,
txn-01085,,
txn-00617,,
txn-00836,,
txn-02319,,
txn-01981,,
txn-02200,,
txn-01203,,
txn-01887,,
txn-00552,,
txn-01320,,
txn-02042,,
txn-00933,,
txn-01629,,
txn-00424,,
txn-00395,,
txn-02830,,
txn-01557,,
txn-02412,,
txn-01869,,
txn-00763,,
txn-01011,,
txn-02882,,
txn-01344,,
txn-01328,,
txn-01989,,
txn-02083,,
txn-00540,,
txn-00101,,
txn-00794,,
txn-00247,,
txn-01223,,
txn-00058,,
txn-02774,,
txn-02551,,
txn-02956,,
txn-02978,,
txn-01510,,
txn-01917,,
txn-01263,,
txn-01404,,
txn-00990,,
txn-00022,,
txn-01573,,
txn-00652,,
txn-00938,,
txn-02913,,
txn-02446,,
txn-01691,,
txn-01861,,
txn-00192,,
txn-00582,,
txn-01909,,
txn-02952,,
txn-02788,,
txn-01736,,
txn-02117,,
txn-00311,,
txn-01540,,
txn-01747,,
txn-01104,,
txn-02868,,
txn-00985,,
txn-00211,,
txn-02962,,
txn-00001,,
txn-01999,,
txn-02911,,
txn-00334,,
txn-02991,,
txn-00473,,
txn-01527,,
txn-00276,,
txn-02493,,
txn-02231,,
txn-00926,,
txn-01663,,
txn-01694,,
txn-01392,,
txn-00668,,
txn-02338,,
txn-00650,,
txn-00051,,
txn-01460,,
txn-02408,,
txn-00137,,
txn-01190,,
txn-00178,,
txn-02211,,
txn-02883,,
txn-01435,,
txn-02719,,
txn-00142,,
txn-02162,,
txn-01528,,
txn-02614,,
txn-00484,,
txn-02267,,
txn-00632,,
txn-02606,,
txn-01538,,
txn-01119,,
txn-02347,,
txn-01109,,
txn-00044,,
txn-01712,,
txn-02781,,
txn-01939,,
txn-01150,,
txn-01857,,
txn-02037,,
txn-00995,,
txn-02546,,
txn-01684,,
txn-00900,,
txn-02823,,
txn-00297,,
txn-02519,,
txn-01452,,
txn-00684,,
txn-00174,,
txn-02564,,
txn-01259,,
txn-01533,,
txn-01395,,
txn-01497,,
txn-01613,,
txn-01491,,
txn-00184,,
txn-00097,,
txn-01671,,
txn-02626,,
txn-00117,,
txn-02317,,
txn-01027,,
txn-01312,,
txn-00237,,
txn-00589,,
txn-02330,,
txn-02845,,
txn-02010,,
txn-02279,,
txn-02951,,
txn-02950,,
txn-00241,,
txn-00169,,
txn-02128,,
txn-01882,,
txn-02334,,
txn-03035,level_2,cascade-01
txn-03042,level_2,cascade-01
txn-03028,level_2,cascade-01
txn-03029,level_2,cascade-01
txn-00719,,
txn-03032,level_2,cascade-01
txn-02734,,
txn-03039,level_2,cascade-01
txn-03040,level_2,cascade-01
txn-00621,,
txn-03038,level_2,cascade-01
txn-02613,,
txn-00921,,
txn-03043,level_2,cascade-01
txn-02987,,
txn-02523,,
txn-02490,,
txn-03030,level_2,cascade-01
txn-03027,level_2,cascade-01
txn-03026,level_2,cascade-01
txn-01526,,
txn-00646,,
txn-00261,,
txn-03037,level_2,cascade-01
txn-00342,,
txn-03031,level_2,cascade-01
txn-03041,level_2,cascade-01
txn-03033,level_2,cascade-01
txn-02808,,
txn-03034,level_2,cascade-01
txn-03036,level_2,cascade-01
txn-02556,,
txn-00765,,
txn-02938,,
txn-00407,,
txn-00911,,
txn-00955,,
txn-00792,,
txn-02792,,
txn-01087,,
txn-00213,,
txn-01598,,
txn-00017,,
txn-02753,,
txn-00945,,
txn-00709,,
txn-01584,,
txn-01603,,
txn-01499,,
txn-02969,,
txn-01960,,
txn-01912,,
txn-00235,,
txn-02331,,
txn-02739,,
txn-01185,,
txn-00883,,
txn-01341,,
txn-02125,,
txn-01515,,
txn-01439,,
txn-02237,,
txn-00466,,
txn-01938,,
txn-00206,,
txn-01579,,
txn-01677,,
txn-02821,,
txn-02382,,
txn-01347,,
txn-01471,,
txn-02075,,
txn-00734,,
txn-01333,,
txn-02040,,
txn-02748,,
txn-01264,,
txn-01977,,
txn-00147,,
txn-01546,,
txn-00614,,
txn-00914,,
txn-00346,,
txn-01144,,
txn-02752,,
txn-02085,,
txn-00795,,
txn-01188,,
txn-01904,,
txn-02507,,
txn-01930,,
txn-01221,,
txn-01543,,
txn-00287,,
txn-02249,,
txn-01719,,
txn-02047,,
txn-02206,,
txn-00728,,
txn-00805,,
txn-02986,,
txn-02705,,
txn-00812,,
txn-00779,,
txn-02114,,
txn-02260,,
txn-02050,,
txn-00753,,
txn-02858,,
txn-02258,,
txn-02617,,
txn-00328,,
txn-02073,,
txn-00021,,
txn-00141,,
txn-00597,,
txn-02586,,
txn-02459,,
txn-00061,,
txn-02750,,
txn-00521,,
txn-00005,,
txn-00888,,
txn-00018,,
txn-01163,,
txn-00612,,
txn-00686,,
txn-00713,,
txn-01624,,
txn-00712,,
txn-02947,,
txn-02859,,
txn-02406,,
txn-02295,,
txn-02501,,
txn-02924,,
txn-01072,,
txn-02543,,
txn-01974,,
txn-01506,,
txn-00638,,
txn-01647,,
txn-00242,,
txn-02927,,
txn-00701,,
txn-00129,,
txn-00915,,
txn-02618,,
txn-00436,,
txn-02232,,
txn-01010,,
txn-01440,,
txn-01525,,
txn-02457,,
txn-02174,,
txn-01172,,
txn-02542,,
txn-02051,,
txn-01870,,
txn-01957,,
txn-01589,,
txn-00404,,
txn-01919,,
txn-02731,,
txn-00928,,
txn-02190,,
txn-02616,,
txn-02896,,
txn-02170,,
txn-02026,,
txn-01486,,
txn-02904,,
txn-00475,,
txn-02706,,
txn-02370,,
txn-00426,,
txn-01837,,
txn-02116,,
txn-01235,,
txn-00758,,
txn-00362,,
txn-02469,,
txn-02266,,
txn-01058,,
txn-02687,,
txn-02239,,
txn-00214,,
txn-01019,,
txn-01865,,
txn-01120,,
txn-01658,,
txn-02812,,
txn-00876,,
txn-00643,,
txn-01591,,
txn-02661,,
txn-00750,,
txn-01682,,
txn-00885,,
txn-00824,,
txn-00384,,
txn-01079,,
txn-01359,,
txn-01836,,
txn-01495,,
txn-01015,,
txn-01639,,
txn-00205,,
txn-02009,,
txn-01608,,
txn-00434,,
txn-01863,,
txn-01165,,
txn-00364,,
txn-00665,,
txn-02307,,
txn-00761,,
txn-01771,,
txn-01838,,
txn-00119,,
txn-00427,,
txn-02201,,
txn-00337,,
txn-02671,,
txn-01214,,
txn-02994,,
txn-00710,,
txn-02597,,
txn-00401,,
txn-00568,,
txn-02831,,
txn-02101,,
txn-02027,,
txn-00726,,
txn-02548,,
txn-02294,,
txn-01336,,
txn-02229,,
txn-00299,,
txn-02309,,
txn-00370,,
txn-02856,,
txn-01941,,
txn-00320,,
txn-01280,,
txn-01329,,
txn-00114,,
txn-02291,,
txn-02840,,
txn-00660,,
txn-01811,,
txn-02873,,
txn-01881,,
txn-01427,,
txn-01095,,
txn-01700,,
txn-00222,,
txn-00428,,
txn-03057,level_3,cascade-02
txn-03051,level_3,cascade-02
txn-03047,level_3,cascade-02
txn-01442,,
txn-03071,,
txn-03058,level_3,cascade-02
txn-02817,,
txn-03050,level_3,cascade-02
txn-03056,level_3,cascade-02
txn-02176,,
txn-02889,,
txn-03060,level_3,cascade-02
txn-02475,,
txn-03052,level_3,cascade-02
txn-03053,level_3,cascade-02
txn-03067,level_3,cascade-02
txn-03068,level_3,cascade-02
txn-02436,,
txn-03064,level_3,cascade-02
txn-03072,,
txn-00062,,
txn-02280,,
txn-03065,level_3,cascade-02
txn-03061,level_3,cascade-02
txn-03063,level_3,cascade-02
txn-00594,,
txn-02100,,
txn-03073,,
txn-03059,level_3,cascade-02
txn-03049,level_3,cascade-02
txn-00855,,
txn-03055,level_3,cascade-02
txn-00648,,
txn-01443,,
txn-03044,level_3,cascade-02
txn-03069,level_3,cascade-02
txn-01243,,
txn-02835,,
txn-01558,,
txn-02234,,
txn-03070,level_3,cascade-02
txn-03048,level_3,cascade-02
txn-01906,,
txn-00891,,
txn-03045,level_3,cascade-02
txn-01381,,
txn-00658,,
txn-02685,,
txn-03066,level_3,cascade-02
txn-01978,,
txn-01293,,
txn-01792,,
txn-03062,level_3,cascade-02
txn-03054,level_3,cascade-02
txn-02587,,
txn-03046,level_3,cascade-02
txn-00316,,
txn-01419,,
txn-01802,,
txn-01413,,
txn-01044,,
txn-02732,,
txn-02106,,
txn-01380,,
txn-01824,,
txn-02254,,
txn-01894,,
txn-01496,,
txn-02582,,
txn-00447,,
txn-02384,,
txn-01041,,
txn-01390,,
txn-02060,,
txn-02252,,
txn-01018,,
txn-02386,,
txn-02078,,
txn-02343,,
txn-00901,,
txn-01500,,
txn-00685,,
txn-01345,,
txn-02238,,
txn-02516,,
txn-01845,,
txn-01980,,
txn-01405,,
txn-00462,,
txn-01153,,
txn-02350,,
txn-02854,,
txn-01265,,
txn-02132,,
txn-01695,,
txn-02193,,
txn-00767,,
txn-01625,,
txn-01071,,
txn-02181,,
txn-01654,,
txn-01397,,
txn-01685,,
txn-00369,,
txn-02104,,
txn-00468,,
txn-00359,,
txn-00181,,
txn-01388,,
txn-00041,,
txn-01088,,
txn-02735,,
txn-02296,,
txn-02807,,
txn-02604,,
txn-02591,,
txn-01338,,
txn-01066,,
txn-02707,,
txn-00212,,
txn-02590,,
txn-02863,,
txn-02665,,
txn-01907,,
txn-02121,,
txn-00635,,
txn-00699,,
txn-02322,,
txn-01767,,
txn-00934,,
txn-02589,,
txn-02011,,
txn-00576,,
txn-02415,,
txn-02668,,
txn-01134,,
txn-00203,,
txn-02990,,
txn-00239,,
txn-01366,,
txn-02136,,
txn-00313,,
txn-02089,,
txn-02426,,
txn-02920,,
txn-02861,,
txn-00196,,
txn-00132,,
txn-02657,,
txn-02874,,
txn-02977,,
txn-02103,,
txn-00030,,
txn-01853,,
txn-00823,,
txn-00615,,
txn-00788,,
txn-00703,,
txn-02730,,
txn-01229,,
txn-00725,,
txn-01697,,
txn-00003,,
txn-02903,,
txn-01466,,
txn-00084,,
txn-01127,,
txn-02185,,
txn-01181,,
txn-02791,,
txn-00338,,
txn-00861,,
txn-02800,,
txn-00059,,
txn-00254,,
txn-01000,,
txn-01400,,
txn-02277,,
txn-01339,,
txn-01628,,
txn-02645,,
txn-02716,,
txn-02441,,
txn-00260,,
txn-02392,,
txn-01666,,
txn-00573,,
txn-00494,,
txn-01222,,
txn-02285,,
txn-00804,,
txn-02411,,
txn-01908,,
txn-02810,,
txn-01636,,
txn-01485,,
txn-02058,,
txn-00961,,
txn-00880,,
txn-01958,,
txn-01544,,
txn-00470,,
txn-01178,,
txn-01498,,
txn-00600,,
txn-01385,,
txn-00789,,
txn-01832,,
txn-00991,,
txn-01114,,
txn-00766,,
txn-01751,,
txn-00406,,
txn-00982,,
txn-01552,,
txn-00385,,
txn-01790,,
txn-01559,,
txn-01314,,
txn-01096,,
txn-02825,,
txn-02577,,
txn-02460,,
txn-01200,,
txn-02696,,
txn-00161,,
txn-02015,,
txn-01572,,
txn-00834,,
txn-02123,,
txn-00968,,
txn-00747,,
txn-02044,,
txn-00714,,
txn-00420,,
txn-01646,,
txn-01082,,
txn-00760,,
txn-00768,,
txn-01672,,
txn-00591,,
txn-01966,,
txn-02006,,
txn-02862,,
txn-01118,,
txn-00975,,
txn-00485,,
txn-02177,,
txn-03076,level_1,cascade-03
txn-03090,level_1,cascade-03
txn-03087,level_1,cascade-03
txn-03098,level_1,cascade-03
txn-03081,level_1,cascade-03
txn-03091,level_1,cascade-03
txn-03080,level_1,cascade-03
txn-03082,level_1,cascade-03
txn-03092,level_1,cascade-03
txn-03097,level_1,cascade-03
txn-03077,level_1,cascade-03
txn-01187,,
txn-03096,level_1,cascade-03
txn-03085,level_1,cascade-03
txn-03099,level_1,cascade-03
txn-03079,level_1,cascade-03
txn-03089,level_1,cascade-03
txn-03088,level_1,cascade-03
txn-03094,level_1,cascade-03
txn-03078,level_1,cascade-03
txn-03074,level_1,cascade-03
txn-03086,level_1,cascade-03
txn-03075,level_1,cascade-03
txn-03083,level_1,cascade-03
txn-03084,level_1,cascade-03
txn-03095,level_1,cascade-03
txn-03093,level_1,cascade-03
txn-00127,,
txn-00292,,
txn-02965,,
txn-00505,,
txn-02410,,
txn-00846,,
txn-00797,,
txn-02283,,
txn-02365,,
txn-01046,,
txn-02967,,
txn-00106,,
txn-00456,,
txn-02464,,
txn-01619,,
txn-01197,,
txn-00133,,
txn-01644,,
txn-00875,,
txn-00978,,
txn-00519,,
txn-01512,,
txn-01422,,
txn-00791,,
txn-02598,,
txn-00782,,
txn-02228,,
txn-00248,,
txn-01112,,
txn-01396,,
txn-01135,,
txn-00143,,
txn-02329,,
txn-02929,,
txn-01313,,
txn-00383,,
txn-01775,,
txn-00579,,
txn-02875,,
txn-00356,,
txn-01050,,
txn-00832,,
txn-02631,,
txn-00986,,
txn-00925,,
txn-02096,,
txn-01310,,
txn-00478,,
txn-01155,,
txn-02526,,
txn-01317,,
txn-01822,,
txn-00630,,
txn-02547,,
txn-01641,,
txn-01871,,
txn-02404,,
txn-01394,,
txn-02724,,
txn-00566,,
txn-02605,,
txn-01714,,
txn-01307,,
txn-01169,,
txn-01232,,
txn-02518,,
txn-02215,,
txn-02093,,
txn-02594,,
txn-00232,,
txn-01982,,
txn-01426,,
txn-01776,,
txn-02759,,
txn-01665,,
txn-01013,,
txn-02066,,
txn-00780,,
txn-02803,,
txn-02850,,
txn-00049,,
txn-02562,,
txn-02968,,
txn-00329,,
txn-00302,,
txn-00562,,
txn-00736,,
txn-01244,,
txn-01588,,
txn-01143,,
txn-00351,,
txn-00749,,
txn-00156,,
txn-00322,,
txn-02755,,
txn-02311,,
txn-00009,,
txn-00217,,
txn-00680,,
txn-01898,,
txn-00280,,
txn-00905,,
txn-02453,,
txn-01627,,
txn-01481,,
txn-01377,,
txn-01084,,
txn-02240,,
txn-00403,,
txn-01048,,
txn-02166,,
txn-00857,,
txn-01817,,
txn-02032,,
txn-01998,,
txn-02945,,
txn-00269,,
txn-01726,,
txn-02954,,
txn-00949,,
txn-00533,,
txn-01326,,
txn-01961,,
txn-01831,,
txn-02698,,
txn-01040,,
txn-01160,,
txn-00294,,
txn-02567,,
txn-01645,,
txn-01531,,
txn-00332,,
txn-00802,,
txn-00998,,
txn-00465,,
txn-01501,,
txn-01078,,
txn-02257,,
txn-00831,,
txn-01298,,
txn-01757,,
txn-01086,,
txn-02944,,
txn-02849,,
txn-01325,,
txn-01061,,
txn-01755,,
txn-00580,,
txn-01362,,
txn-02220,,
txn-01566,,
txn-00121,,
txn-01251,,
txn-01375,,
txn-00691,,
txn-01612,,
txn-00601,,
txn-00112,,
txn-02538,,
txn-02427,,
txn-00340,,
txn-01429,,
txn-00785,,
txn-02503,,
txn-00943,,
txn-02422,,
txn-02509,,
txn-00480,,
txn-02482,,
txn-02565,,
txn-01091,,
txn-01106,,
txn-01905,,
txn-00201,,
txn-01121,,
txn-00197,,
txn-01615,,
txn-01324,,
txn-01137,,
txn-01681,,
txn-01166,,
txn-01248,,
txn-00827,,
txn-02017,,
txn-00755,,
txn-00858,,
txn-00913,,
txn-00047,,
txn-00678,,
txn-01651,,
txn-00474,,
txn-01059,,
txn-01705,,
txn-01640,,
txn-02801,,
txn-02284,,
txn-01142,,
txn-00360,,
txn-02949,,
txn-00536,,
txn-01473,,
txn-01642,,
txn-00135,,
txn-02430,,
txn-01914,,
txn-00229,,
txn-01551,,
txn-00490,,
txn-00816,,
txn-02450,,
txn-00663,,
txn-01199,,
txn-01179,,
txn-02113,,
txn-00448,,
txn-00705,,
txn-00024,,
txn-00108,,
txn-01462,,
txn-00479,,
txn-01378,,
txn-01116,,
txn-02820,,
txn-00154,,
txn-02540,,
txn-00618,,
txn-01414,,
txn-02975,,
txn-03105,level_2,cascade-04
txn-03112,level_2,cascade-04
txn-03114,level_2,cascade-04
txn-03117,level_2,cascade-04
txn-03109,level_2,cascade-04
txn-03100,level_2,cascade-04
txn-00069,,
txn-03106,level_2,cascade-04
txn-03116,level_2,cascade-04
txn-00327,,
txn-00910,,
txn-03107,level_2,cascade-04
txn-03101,level_2,cascade-04
txn-02609,,
txn-03104,level_2,cascade-04
txn-02288,,
txn-03113,level_2,cascade-04
txn-03111,level_2,cascade-04
txn-03110,level_2,cascade-04
txn-03108,level_2,cascade-04
txn-03102,level_2,cascade-04
txn-03103,level_2,cascade-04
txn-00676,,
txn-03115,level_2,cascade-04
txn-01733,,
txn-00060,,
txn-02798,,
txn-01322,,
txn-01590,,
txn-01321,,
txn-02525,,
txn-00233,,
txn-01969,,
txn-00408,,
txn-02751,,
txn-00075,,
txn-00251,,
txn-01617,,
txn-01337,,
txn-00530,,
txn-00335,,
txn-02851,,
txn-02848,,
txn-02210,,
txn-01128,,
txn-00806,,
txn-00306,,
txn-02097,,
txn-00744,,
txn-02400,,
txn-00295,,
txn-00940,,
txn-02641,,
txn-00542,,
txn-01092,,
txn-02282,,
txn-01300,,
txn-01416,,
txn-00052,,
txn-01465,,
txn-01746,,
txn-01846,,
txn-00948,,
txn-00731,,
txn-00350,,
txn-02521,,
txn-02455,,
txn-02016,,
txn-00627,,
txn-00496,,
txn-00808,,
txn-00742,,
txn-02137,,
txn-00423,,
txn-01431,,
txn-01779,,
txn-01962,,
txn-01638,,
txn-00666,,
txn-01814,,
txn-00574,,
txn-02853,,
txn-01927,,
txn-00538,,
txn-00724,,
txn-00064,,
txn-00469,,
txn-01357,,
txn-02018,,
txn-00088,,
txn-01780,,
txn-00378,,
txn-01597,,
txn-01896,,
txn-00708,,
txn-00740,,
txn-00977,,
txn-00402,,
txn-00514,,
txn-00215,,
txn-01724,,
txn-02910,,
txn-00637,,
txn-00957,,
txn-02877,,
txn-00507,,
txn-02264,,
txn-00532,,
txn-00781,,
txn-02599,,
txn-01083,,
txn-02385,,
txn-00825,,
txn-02301,,
txn-00455,,
txn-02960,,
txn-00623,,
txn-00524,,
txn-00164,,
txn-01502,,
txn-01536,,
txn-00739,,
txn-00953,,
txn-01186,,
txn-02939,,
txn-01241,,
txn-02813,,
txn-02864,,
txn-01631,,
txn-01633,,
txn-02796,,
txn-01110,,
txn-01655,,
txn-02049,,
txn-01739,,
txn-00529,,
txn-01043,,
txn-00729,,
txn-02306,,
txn-00430,,
txn-01951,,
txn-02806,,
txn-00819,,
txn-01125,,
txn-01102,,
txn-01634,,
txn-02508,,
txn-01173,,
txn-02344,,
txn-01844,,
txn-00572,,
txn-02865,,
txn-01576,,
txn-02465,,
txn-02031,,
txn-01984,,
txn-02643,,
txn-01910,,
txn-02272,,
txn-02315,,
txn-01449,,
txn-02369,,
txn-01271,,
txn-02478,,
txn-02555,,
txn-00619,,
txn-02451,,
txn-01026,,
txn-01353,,
txn-00023,,
txn-00421,,
txn-01348,,
txn-02693,,
txn-01667,,
txn-02141,,
txn-01369,,
txn-02281,,
txn-00452,,
txn-00100,,
txn-02852,,
txn-01758,,
txn-01782,,
txn-02434,,
txn-00318,,
txn-02988,,
txn-02470,,
txn-01445,,
txn-01130,,
txn-01743,,
txn-00899,,
txn-00094,,
txn-02973,,
txn-02733,,
txn-01468,,
txn-00878,,
txn-00372,,
txn-01847,,
txn-00363,,
txn-02989,,
txn-02224,,
txn-00798,,
txn-01076,,
txn-00352,,
txn-00085,,
txn-00144,,
txn-00435,,
txn-01555,,
txn-02204,,
txn-01432,,
txn-00620,,
txn-02259,,
txn-02247,,
txn-01070,,
txn-00250,,
txn-02779,,
txn-02686,,
txn-00575,,
txn-00267,,
txn-02447,,
txn-00862,,
txn-00550,,
txn-02341,,
txn-01469,,
txn-00366,,
txn-02575,,
txn-02253,,
txn-02250,,
txn-01201,,
txn-00856,,
txn-02112,,
txn-01152,,
txn-01564,,
txn-02409,,
txn-00682,,
txn-02778,,
txn-02773,,
txn-00472,,
txn-00930,,
txn-02024,,
txn-01689,,
txn-00863,,
txn-00309,,
txn-01159,,
txn-01669,,
txn-01706,,
txn-00860,,
txn-01034,,
txn-02934,,
txn-02416,,
txn-02379,,
txn-02888,,
txn-02471,,
txn-00681,,
txn-01534,,
txn-02683,,
txn-02332,,
txn-03125,level_3,cascade-05
txn-00015,,
txn-03121,level_3,cascade-05
txn-03143,,
txn-02337,,
txn-00461,,
txn-03134,level_3,cascade-05
txn-03142,level_3,cascade-05
txn-00331,,
txn-03144,,
txn-03122,level_3,cascade-05
txn-03133,level_3,cascade-05
txn-03140,level_3,cascade-05
txn-03141,level_3,cascade-05
txn-02138,,
txn-03135,level_3,cascade-05
txn-03129,level_3,cascade-05
txn-01889,,
txn-03145,,
txn-01621,,
txn-03120,level_3,cascade-05
txn-01450,,
txn-01892,,
txn-00296,,
txn-03136,level_3,cascade-05
txn-03118,level_3,cascade-05
txn-03124,level_3,cascade-05
txn-03123,level_3,cascade-05
txn-03138,level_3,cascade-05
txn-01920,,
txn-00419,,
txn-03128,level_3,cascade-05
txn-03131,level_3,cascade-05
txn-01688,,
txn-03132,level_3,cascade-05
txn-00219,,
txn-00136,,
txn-03130,level_3,cascade-05
txn-00510,,
txn-00762,,
txn-01902,,
txn-01354,,
txn-00039,,
txn-00826,,
txn-03137,level_3,cascade-05
txn-01283,,
txn-03139,level_3,cascade-05
txn-01008,,
txn-03127,level_3,cascade-05
txn-03119,level_3,cascade-05
txn-03126,level_3,cascade-05
txn-01670,,
txn-01929,,
txn-00508,,
txn-01113,,
txn-01216,,
txn-01492,,
txn-01002,,
txn-02172,,
txn-00072,,
txn-01161,,
txn-02445,,
txn-00504,,
txn-02065,,
txn-01286,,
txn-02573,,
txn-01843,,
txn-02961,,
txn-01270,,
txn-02461,,
txn-02303,,
txn-02243,,
txn-01760,,
txn-02602,,
txn-00284,,
txn-00034,,
txn-02583,,
txn-00981,,
txn-01438,,
txn-02726,,
txn-01030,,
txn-00769,,
txn-00380,,
txn-02041,,
txn-01812,,
txn-00847,,
txn-02933,,
txn-00374,,
txn-00180,,
txn-01415,,
txn-01284,,
txn-00348,,
txn-00477,,
txn-00086,,
txn-00821,,
txn-02537,,
txn-01745,,
txn-01550,,
txn-01884,,
txn-01028,,
txn-01177,,
txn-01016,,
txn-00045,,
txn-00004,,
txn-00890,,
txn-00539,,
txn-02110,,
txn-01787,,
txn-01052,,
txn-01537,,
txn-00036,,
txn-02630,,
txn-02227,,
txn-00040,,
txn-01721,,
txn-00757,,
txn-00557,,
txn-01611,,
txn-01294,,
txn-02428,,
txn-01521,,
txn-01421,,
txn-01103,,
txn-01616,,
txn-01888,,
txn-01997,,
txn-00956,,
txn-02684,,
txn-01867,,
txn-01810,,
txn-01549,,
txn-02610,,
txn-01827,,
txn-00547,,
txn-00459,,
txn-01126,,
txn-00692,,
txn-02313,,
txn-00598,,
txn-02504,,
txn-01643,,
txn-02601,,
txn-00842,,
txn-02069,,
txn-01727,,
txn-02221,,
txn-02995,,
txn-01205,,
txn-00803,,
txn-00544,,
txn-01542,,
txn-00066,,
txn-01020,,
txn-00271,,
txn-02216,,
txn-01332,,
txn-00693,,
txn-01145,,
txn-02437,,
txn-02092,,
txn-02456,,
txn-01673,,
txn-00231,,
txn-02971,,
txn-01535,,
txn-02241,,
txn-02816,,
txn-01935,,
txn-02488,,
txn-00849,,
txn-01725,,
txn-00443,,
txn-01788,,
txn-00162,,
txn-02794,,
txn-00324,,
txn-02448,,
txn-00799,,
txn-02723,,
txn-00439,,
txn-02105,,
txn-00243,,
txn-00607,,
txn-02900,,
txn-01331,,
txn-02356,,
txn-00694,,
txn-00931,,
txn-01595,,
txn-01713,,
txn-02826,,
txn-02761,,
txn-02484,,
txn-00887,,
txn-01862,,
txn-01213,,
txn-02982,,
txn-00641,,
txn-00249,,
txn-02680,,
txn-02202,,
txn-02738,,
txn-00917,,
txn-01453,,
txn-01720,,
txn-01738,,
txn-01701,,
txn-00946,,
txn-01198,,
txn-01174,,
txn-00893,,
txn-02361,,
txn-00148,,
txn-01851,,
txn-01057,,
txn-02984,,
txn-00493,,
txn-01451,,
txn-00152,,
txn-02359,,
txn-00308,,
txn-00877,,
txn-01191,,
txn-02353,,
txn-01049,,
txn-00859,,
txn-01055,,
txn-02001,,
txn-01062,,
txn-00631,,
txn-00007,,
txn-01301,,
txn-01090,,
txn-01722,,
txn-01916,,
txn-03155,level_1,cascade-06
txn-03165,level_1,cascade-06
txn-03157,level_1,cascade-06
txn-03146,level_1,cascade-06
txn-03167,level_1,cascade-06
txn-03150,level_1,cascade-06
txn-03161,level_1,cascade-06
txn-03153,level_1,cascade-06
txn-03159,level_1,cascade-06
txn-03162,level_1,cascade-06
txn-03169,level_1,cascade-06
txn-03147,level_1,cascade-06
txn-03154,level_1,cascade-06
txn-03164,level_1,cascade-06
txn-03158,level_1,cascade-06
txn-03163,level_1,cascade-06
txn-03160,level_1,cascade-06
txn-03148,level_1,cascade-06
txn-03156,level_1,cascade-06
txn-03151,level_1,cascade-06
txn-03149,level_1,cascade-06
txn-03168,level_1,cascade-06
txn-03152,level_1,cascade-06
txn-03166,level_1,cascade-06
txn-01391,,
txn-02014,,
txn-00012,,
txn-02512,,
txn-01141,,
txn-01383,,
txn-01306,,
txn-01031,,
txn-01530,,
txn-02395,,
txn-00796,,
txn-00079,,
txn-00262,,
txn-00080,,
txn-01290,,
txn-00551,,
txn-00285,,
txn-01940,,
txn-01955,,
txn-02666,,
txn-00923,,
txn-01967,,
txn-01358,,
txn-00811,,
txn-02095,,
txn-01230,,
txn-02261,,
txn-00130,,
txn-01367,,
txn-00963,,
txn-02235,,
txn-02292,,
txn-02424,,
txn-02119,,
txn-01423,,
txn-00852,,
txn-00716,,
txn-02084,,
txn-01923,,
txn-02514,,
txn-00033,,
txn-02905,,
txn-01269,,
txn-02557,,
txn-02388,,
txn-00874,,
txn-01602,,
txn-02955,,
txn-02940,,
txn-02405,,
txn-00554,,
txn-01934,,
txn-02013,,
txn-02316,,
txn-00974,,
txn-02144,,
txn-02569,,
txn-02481,,
txn-02678,,
txn-02124,,
txn-02109,,
txn-01379,,
txn-02963,,
txn-01585,,
txn-02867,,
txn-00518,,
txn-02081,,
txn-01774,,
txn-02038,,
txn-01219,,
txn-01274,,
txn-02959,,
txn-02782,,
txn-01765,,
txn-00919,,
txn-00422,,
txn-02497,,
txn-02131,,
txn-01683,,
txn-01885,,
txn-01056,,
txn-01025,,
txn-02891,,
txn-01886,,
txn-00457,,
txn-00090,,
txn-01047,,
txn-02091,,
txn-00942,,
txn-01012,,
txn-00689,,
txn-00531,,
txn-02912,,
txn-00382,,
txn-01376,,
txn-01004,,
txn-01267,,
txn-00310,,
txn-02585,,
txn-02248,,
txn-02804,,
txn-00111,,
txn-01202,,
txn-00278,,
txn-01428,,
txn-00120,,
txn-00787,,
txn-00793,,
txn-01184,,
txn-01289,,
txn-01866,,
txn-01803,,
txn-01077,,
txn-01679,,
txn-02435,,
txn-00629,,
txn-01794,,
txn-02855,,
txn-00373,,
txn-01797,,
txn-01656,,
txn-01139,,
txn-01593,,
txn-00414,,
txn-02907,,
txn-00307,,
txn-01099,,
txn-02670,,
txn-01360,,
txn-02071,,
txn-00491,,
txn-02797,,
txn-00555,,
txn-00873,,
txn-02919,,
txn-02080,,
txn-01737,,
txn-01818,,
txn-01759,,
txn-01903,,
txn-01258,,
txn-00500,,
txn-00381,,
txn-02500,,
txn-01635,,
txn-00813,,
txn-00416,,
txn-02936,,
txn-01973,,
txn-02207,,
txn-00226,,
txn-01420,,
txn-02293,,
txn-00043,,
txn-00634,,
txn-02737,,
txn-00700,,
txn-00771,,
txn-01410,,
txn-01841,,
txn-00756,,
txn-01069,,
txn-01256,,
txn-00661,,
txn-01129,,
txn-01995,,
txn-02744,,
txn-00993,,
txn-02893,,
txn-01238,,
txn-01484,,
txn-02871,,
txn-00029,,
txn-01316,,
txn-00288,,
txn-01829,,
txn-02135,,
txn-02036,,
txn-01250,,
txn-01117,,
txn-02496,,
txn-01458,,
txn-02708,,
txn-02276,,
txn-01874,,
txn-00361,,
txn-02652,,
txn-02638,,
txn-01921,,
txn-02057,,
txn-01014,,
txn-00626,,
txn-01657,,
txn-01748,,
txn-02002,,
txn-00920,,
txn-02729,,
txn-00815,,
txn-01924,,
txn-00879,,
txn-01942,,
txn-00258,,
txn-01067,,
txn-01580,,
txn-01346,,
txn-02828,,
txn-02214,,
txn-03183,level_2,cascade-07
txn-03187,level_2,cascade-07
txn-03185,level_2,cascade-07
txn-03175,level_2,cascade-07
txn-03176,level_2,cascade-07
txn-01718,,
txn-03189,level_2,cascade-07
txn-01252,,
txn-02691,,
txn-03170,level_2,cascade-07
txn-03182,level_2,cascade-07
txn-03172,level_2,cascade-07
txn-03188,level_2,cascade-07
txn-03186,level_2,cascade-07
txn-03171,level_2,cascade-07
txn-03184,level_2,cascade-07
txn-03180,level_2,cascade-07
txn-03181,level_2,cascade-07
txn-03173,level_2,cascade-07
txn-03178,level_2,cascade-07
txn-03174,level_2,cascade-07
txn-03177,level_2,cascade-07
txn-03179,level_2,cascade-07
txn-00019,,
txn-02648,,
txn-03190,level_2,cascade-07
txn-02140,,
txn-01937,,
txn-02561,,
txn-01522,,
txn-01563,,
txn-00868,,
txn-02775,,
txn-01154,,
txn-00784,,
txn-01374,,
txn-02056,,
txn-02000,,
txn-02834,,
txn-01993,,
txn-02902,,
txn-01897,,
txn-00367,,
txn-02233,,
txn-00807,,
txn-02122,,
txn-01425,,
txn-01854,,
txn-00048,,
txn-01926,,
txn-02931,,
txn-02070,,
txn-01599,,
txn-02531,,
txn-02627,,
txn-00032,,
txn-00095,,
txn-00840,,
txn-00670,,
txn-02449,,
txn-01825,,
txn-01285,,
txn-00138,,
txn-00810,,
txn-02974,,
txn-00442,,
txn-00333,,
txn-00698,,
txn-01949,,
txn-01253,,
txn-00355,,
txn-00128,,
txn-00952,,
txn-02637,,
txn-02302,,
txn-02742,,
txn-00495,,
txn-01793,,
txn-01970,,
txn-02491,,
txn-02649,,
txn-01138,,
txn-01164,,
txn-01477,,
txn-01479,,
txn-02628,,
txn-00633,,
txn-00343,,
txn-00927,,
txn-00688,,
txn-00027,,
txn-00829,,
txn-02688,,
txn-02692,,
txn-00113,,
txn-00733,,
txn-00125,,
txn-02539,,
txn-01809,,
txn-01820,,
txn-00397,,
txn-00304,,
txn-00553,,
txn-01122,,
txn-00228,,
txn-01075,,
txn-02926,,
txn-02890,,
txn-02946,,
txn-01234,,
txn-02242,,
txn-01860,,
txn-02993,,
txn-02407,,
txn-00730,,
txn-02094,,
txn-02908,,
txn-01936,,
txn-00907,,
txn-02175,,
txn-00055,,
txn-01698,,
txn-02878,,
txn-00016,,
txn-00176,,
txn-00438,,
txn-02483,,
txn-00325,,
txn-01891,,
txn-01240,,
txn-02642,,
txn-01204,,
txn-00525,,
txn-02362,,
txn-02076,,
txn-02454,,
txn-00291,,
txn-02246,,
txn-02704,,
txn-00345,,
txn-00092,,
txn-00224,,
txn-00386,,
txn-02701,,
txn-02728,,
txn-01762,,
txn-01430,,
txn-02333,,
txn-00159,,
txn-00165,,
txn-00102,,
txn-02414,,
txn-01562,,
txn-02992,,
txn-00393,,
txn-00390,,
txn-02351,,
txn-00274,,
txn-01975,,
txn-00959,,
txn-02433,,
txn-01529,,
txn-02571,,
txn-02769,,
txn-02029,,
txn-02063,,
txn-00376,,
txn-02194,,
txn-01637,,
txn-00257,,
txn-02072,,
txn-02444,,
txn-02219,,
txn-00845,,
txn-00563,,
txn-01668,,
txn-02745,,
txn-02836,,
txn-00664,,
txn-02086,,
txn-01330,,
txn-00513,,
txn-00487,,
txn-01699,,
txn-02189,,
txn-01848,,
txn-01990,,
txn-00256,,
txn-00903,,
txn-01799,,
txn-02776,,
txn-02377,,
txn-01856,,
txn-00067,,
txn-00924,,
txn-02822,,
txn-01100,,
txn-01756,,
txn-02107,,
txn-02576,,
txn-00706,,
txn-00898,,
txn-01032,,
txn-01835,,
txn-02829,,
txn-00592,,
txn-00290,,
txn-02783,,
txn-00717,,
txn-00561,,
txn-00347,,
txn-01193,,
txn-00662,,
txn-00375,,
txn-01297,,
txn-01753,,
txn-00134,,
txn-02159,,
txn-01334,,
txn-01556,,
txn-02195,,
txn-02389,,
txn-01349,,
txn-02196,,
txn-00560,,
txn-02937,,
txn-00123,,
txn-02209,,
txn-00151,,
txn-02275,,
txn-02711,,
txn-00939,,
txn-02754,,
txn-01074,,
txn-00622,,
txn-02570,,
txn-02148,,
txn-02619,,
txn-02498,,
txn-01565,,
txn-01932,,
txn-01467,,
txn-01514,,
txn-01490,,
txn-02511,,
txn-02771,,
txn-03193,level_3,cascade-08
txn-03208,,
txn-00543,,
txn-03204,level_3,cascade-08
txn-02620,,
txn-03199,level_3,cascade-08
txn-03202,level_3,cascade-08
txn-03209,,
txn-00236,,
txn-00558,,
txn-02899,,
txn-02906,,
txn-01224,,
txn-03191,level_3,cascade-08
txn-03210,,
txn-01678,,
txn-03206,level_3,cascade-08
txn-00109,,
txn-00872,,
txn-00602,,
txn-03194,level_3,cascade-08
txn-03192,level_3,cascade-08
txn-02354,,
txn-00194,,
txn-00783,,
txn-01296,,
txn-02505,,
txn-01872,,
txn-03197,level_3,cascade-08
txn-03207,level_3,cascade-08
txn-02640,,
txn-03200,level_3,cascade-08
txn-02028,,
txn-03203,level_3,cascade-08
txn-03196,level_3,cascade-08
txn-03205,level_3,cascade-08
txn-03201,level_3,cascade-08
txn-03198,level_3,cascade-08
txn-03195,level_3,cascade-08
txn-00644,,
txn-01972,,
txn-01305,,
txn-01472,,
txn-01097,,
txn-02372,,
txn-02320,,
txn-01373,,
txn-02033,,
txn-00506,,
txn-01507,,
txn-01769,,
txn-01693,,
txn-01574,,
txn-02474,,
txn-00371,,
txn-00246,,
txn-00984,,
txn-02108,,
txn-02635,,
txn-01895,,
txn-02790,,
txn-02402,,
txn-00865,,
txn-02758,,
txn-01233,,
txn-02844,,
txn-02513,,
txn-02879,,
txn-00210,,
txn-02777,,
txn-02533,,
txn-02887,,
txn-02012,,
txn-02318,,
txn-02217,,
txn-01823,,
txn-02710,,
txn-01006,,
txn-02916,,
txn-00283,,
txn-02721,,
txn-02530,,
txn-00481,,
txn-00773,,
txn-01456,,
txn-01711,,
txn-00628,,
txn-00527,,
txn-00433,,
txn-02970,,
txn-02819,,
txn-01132,,
txn-02126,,
txn-00190,,
txn-01761,,
txn-00298,,
txn-02762,,
txn-02789,,
txn-00105,,
txn-02928,,
txn-01411,,
txn-02489,,
txn-02287,,
txn-01784,,
txn-01236,,
txn-00610,,
txn-01707,,
txn-00122,,
txn-01795,,
txn-02255,,
txn-00515,,
txn-00690,,
txn-01412,,
txn-00894,,
txn-00814,,
txn-01729,,
txn-02675,,
txn-00609,,
txn-02847,,
txn-00305,,
txn-02265,,
txn-02098,,
txn-02646,,
txn-01403,,
txn-01277,,
txn-00289,,
txn-02767,,
txn-00139,,
txn-00864,,
txn-02328,,
txn-02697,,
txn-00696,,
txn-01171,,
txn-01444,,
txn-02809,,
txn-00673,,
txn-02532,,
txn-00293,,
txn-01051,,
txn-00168,,
txn-02345,,
txn-01261,,
txn-01387,,
txn-02151,,
txn-01245,,
txn-01350,,
txn-00077,,
txn-00517,,
txn-01474,,
txn-02495,,
txn-00772,,
txn-00999,,
txn-01039,,
txn-02802,,
txn-01880,,
txn-02584,,
txn-00259,,
txn-02205,,
txn-02746,,
txn-02004,,
txn-02048,,
txn-02633,,
txn-02805,,
txn-02383,,
txn-02772,,
txn-00175,,
txn-02054,,
txn-00336,,
txn-00431,,
txn-00535,,
txn-02915,,
txn-01741,,
txn-02479,,
txn-02914,,
txn-01249,,
txn-02972,,
txn-00973,,
txn-01610,,
txn-02064,,
txn-00204,,
txn-02766,,
txn-00191,,
txn-02256,,
txn-00227,,
txn-01704,,
txn-00182,,
txn-01352,,
txn-01156,,
txn-00989,,
txn-01505,,
txn-02357,,
txn-02077,,
txn-01964,,
txn-01054,,
txn-00675,,
txn-02541,,
txn-00996,,
txn-01063,,
txn-02432,,
txn-00103,,
txn-01206,,
txn-01036,,
txn-00659,,
txn-01227,,
txn-00886,,
txn-01005,,
txn-01167,,
txn-02198,,
txn-01503,,
txn-00770,,
txn-01315,,
txn-00649,,
txn-02421,,
txn-01777,,
txn-02581,,
txn-02534,,
txn-02005,,
txn-00774,,
txn-02480,,
txn-00353,,
txn-02358,,
txn-01441,,
txn-00460,,
txn-02462,,
txn-00073,,
txn-00266,,
txn-00583,,
txn-00966,,
txn-00636,,
txn-01815,,
txn-02815,,
txn-02568,,
txn-00391,,
txn-01772,,
txn-01370,,
txn-01783,,
txn-00969,,
txn-00889,,
txn-01327,,
txn-01461,,
txn-02895,,
txn-00972,,
txn-01210,,
txn-00897,,
txn-00501,,
txn-00183,,
txn-02763,,
txn-00150,,
txn-01470,,
txn-02839,,
txn-02023,,
txn-00418,,
txn-02632,,
txn-00071,,
txn-01785,,
txn-02310,,
txn-00800,,
txn-00070,,
txn-02158,,
txn-02413,,
txn-01592,,
txn-02161,,
txn-02886,,
txn-01401,,
txn-02165,,
txn-01983,,
txn-02980,,
txn-02909,,
txn-01463,,
txn-02579,,
txn-01183,,
txn-02996,,
txn-01068,,
txn-01950,,
txn-01878,,
txn-01311,,
txn-01446,,
txn-02651,,
txn-01108,,
txn-00651,,
txn-01042,,
txn-01622,,
txn-01131,,
txn-01987,,
txn-00979,,
txn-00655,,
txn-00319,,
txn-01023,,
txn-02067,,
txn-01828,,
txn-02699,,
txn-00976,,
txn-01754,,
txn-00449,,
txn-01659,,
txn-00344,,
txn-00593,,
txn-00564,,
txn-02603,,
txn-01434,,
txn-02300,,
txn-01195,,
txn-00020,,
txn-00412,,
txn-01988,,
txn-01553,,
txn-02167,,
txn-00160,,
txn-02297,,
txn-00011,,
txn-02833,,
txn-00866,,
txn-01208,,
txn-01541,,
txn-01922,,
txn-02199,,
txn-00718,,
txn-02290,,
txn-02714,,
txn-00608,,
txn-00909,,
txn-01081,,
txn-02832,,
txn-00587,,
txn-02615,,
txn-01890,,
txn-02082,,
txn-01901,,
txn-01696,,
txn-02673,,
txn-02008,,
txn-00980,,
txn-00341,,
txn-01217,,
txn-01094,,
txn-01730,,
txn-01437,,
txn-00645,,
txn-02694,,
txn-00941,,
txn-00745,,
txn-01093,,
txn-01971,,
txn-01504,,
txn-02953,,
txn-00410,,
txn-02423,,
txn-00409,,
txn-01944,,
txn-00087,,
txn-02608,,
txn-01408,,
txn-01303,,
txn-01648,,
txn-02662,,
txn-01228,,
txn-00844,,
txn-00140,,
txn-01821,,
txn-01386,,
txn-01789,,
txn-02218,,
txn-02168,,
txn-01457,,
txn-00935,,
txn-02524,,
txn-02268,,
txn-01548,,
txn-02624,,
txn-02843,,
txn-00315,,
txn-02401,,
txn-00177,,
txn-01968,,
txn-00647,,
txn-00951,,
txn-02367,,
txn-00358,,
txn-01309,,
txn-00321,,
txn-01879,,
txn-00916,,
txn-01570,,
txn-00252,,
txn-01731,,
txn-02191,,
txn-01433,,
txn-02184,,
txn-01687,,
txn-02572,,
txn-02145,,
txn-02403,,
txn-02160,,
txn-02520,,
txn-02942,,
txn-01480,,
txn-02378,,
txn-02127,,
txn-01268,,
txn-02527,,
txn-00399,,
txn-00958,,
txn-01407,,
txn-02566,,
txn-01947,,
txn-02335,,
txn-01523,,
txn-01600,,
txn-00595,,
txn-02046,,
txn-02299,,
txn-00046,,
txn-01398,,
txn-02757,,
txn-01766,,
txn-01560,,
txn-00270,,
txn-01945,,
txn-02650,,
txn-01840,,
txn-01255,,
txn-02976,,
txn-00081,,
txn-00068,,
txn-01417,,
txn-02925,,
txn-00110,,
txn-02188,,
txn-02592,,
txn-00208,,
txn-00545,,
txn-01690,,
txn-02035,,
txn-00467,,
txn-01147,,
txn-01609,,
txn-02846,,
txn-01778,,
txn-00835,,
txn-02003,,
txn-00902,,
txn-02391,,
txn-00809,,
txn-02998,,
txn-01225,,
txn-03221,level_1,cascade-09
txn-03222,level_1,cascade-09
txn-03218,level_1,cascade-09
txn-03220,level_1,cascade-09
txn-03226,level_1,cascade-09
txn-03228,level_1,cascade-09
txn-03227,level_1,cascade-09
txn-03215,level_1,cascade-09
txn-03223,level_1,cascade-09
txn-03211,level_1,cascade-09
txn-03213,level_1,cascade-09
txn-03212,level_1,cascade-09
txn-03225,level_1,cascade-09
txn-03224,level_1,cascade-09
txn-03217,level_1,cascade-09
txn-03229,level_1,cascade-09
txn-03216,level_1,cascade-09
txn-03230,level_1,cascade-09
txn-03214,level_1,cascade-09
txn-03219,level_1,cascade-09
txn-02149,,
txn-02736,,
txn-00830,,
txn-01596,,
txn-02492,,
txn-02192,,
txn-00354,,
txn-00035,,
txn-00801,,
txn-00850,,
txn-01626,,
txn-02053,,
txn-02785,,
txn-00904,,
txn-00537,,
txn-02644,,
txn-00028,,
txn-00960,,
txn-01545,,
txn-00841,,
txn-01876,,
txn-02155,,
txn-02197,,
txn-02298,,
txn-01605,,
txn-02325,,
txn-00604,,
txn-01231,,
txn-00089,,
txn-01868,,
txn-01816,,
txn-01180,,
txn-00642,,
txn-02529,,
txn-01162,,
txn-02506,,
txn-02625,,
txn-01024,,
txn-00115,,
txn-02611,,
txn-01732,,
txn-00394,,
txn-02115,,
txn-02930,,
txn-01021,,
txn-00002,,
txn-02795,,
txn-01513,,
txn-02152,,
txn-01965,,
txn-00179,,
txn-00567,,
txn-02019,,
txn-01773,,
txn-00843,,
txn-01653,,
txn-01614,,
txn-02681,,
txn-02289,,
txn-00207,,
txn-00751,,
txn-02770,,
txn-02578,,
txn-02090,,
txn-00732,,
txn-01918,,
txn-01182,,
txn-02690,,
txn-00453,,
txn-01661,,
txn-02278,,
txn-02669,,
txn-00603,,
txn-02656,,
txn-00853,,
txn-02715,,
txn-00107,,
txn-01281,,
txn-02336,,
txn-01539,,
txn-02966,,
txn-02022,,
txn-02380,,
txn-00392,,
txn-01045,,
txn-00429,,
txn-02964,,
txn-00667,,
txn-02941,,
txn-00118,,
txn-02921,,
txn-01826,,
txn-02381,,
txn-01494,,
txn-02373,,
txn-01101,,
txn-00096,,
txn-00209,,
txn-02213,,
txn-01915,,
txn-01389,,
txn-00167,,
txn-02269,,
txn-01959,,
txn-02948,,
txn-02923,,
txn-02043,,
txn-00640,,
txn-00556,,
txn-02550,,
txn-02743,,
txn-00786,,
txn-02340,,
txn-00155,,
txn-02918,,
txn-02150,,
txn-02607,,
txn-01448,,
txn-01276,,
txn-02120,,
txn-02236,,
txn-02857,,
txn-00124,,
txn-01371,,
txn-02689,,
txn-01632,,
txn-02262,,
txn-02870,,
txn-02486,,
txn-00303,,
txn-00522,,
txn-01323,,
txn-00881,,
txn-00869,,
txn-01124,,
txn-00997,,
txn-00098,,
txn-00625,,
txn-00577,,
txn-00286,,
txn-00937,,
txn-00013,,
txn-02133,,
txn-01752,,
txn-01140,,
txn-00848,,
txn-02429,,
txn-02321,,
txn-02348,,
txn-00867,,
txn-01582,,
txn-01368,,
txn-00534,,
txn-00054,,
txn-01991,,
txn-02622,,
txn-02677,,
txn-00398,,
txn-00441,,
txn-00145,,
txn-00223,,
txn-02780,,
txn-00323,,
txn-02552,,
txn-00396,,
txn-00314,,
txn-00277,,
txn-01623,,
txn-01254,,
txn-00746,,
txn-00263,,
txn-00221,,
txn-02420,,
txn-01516,,
txn-01675,,
txn-00083,,
txn-01487,,
txn-00611,,
txn-00245,,
txn-02866,,
txn-02672,,
txn-02545,,
txn-00884,,
txn-01554,,
txn-01266,,
txn-02838,,
txn-00220,,
txn-00503,,
txn-00570,,
txn-02553,,
txn-00273,,
txn-02061,,
txn-00153,,
txn-01933,,
txn-02499,,
txn-02700,,
txn-02712,,
txn-02634,,
txn-02323,,
txn-01272,,
txn-00721,,
txn-02439,,
txn-00738,,
txn-00912,,
txn-02187,,
txn-00656,,
txn-00654,,
txn-00549,,
txn-01710,,
txn-00918,,
txn-01781,,
txn-00965,,
txn-01292,,
txn-00653,,
txn-00411,,
txn-02472,,
txn-00170,,
txn-02274,,
txn-01282,,
txn-02452,,
txn-00657,,
txn-02074,,
txn-01157,,
txn-00415,,
txn-01146,,
txn-02030,,
txn-00908,,
txn-00282,,
txn-02326,,
txn-02079,,
txn-02273,,
txn-03246,level_2,cascade-10
txn-01900,,
txn-03237,level_2,cascade-10
txn-00704,,
txn-03233,level_2,cascade-10
txn-03242,level_2,cascade-10
txn-01583,,
txn-03239,level_2,cascade-10
txn-03234,level_2,cascade-10
txn-02659,,
txn-03231,level_2,cascade-10
txn-03236,level_2,cascade-10
txn-02702,,
txn-03238,level_2,cascade-10
txn-03232,level_2,cascade-10
txn-03240,level_2,cascade-10
txn-03241,level_2,cascade-10
txn-03243,level_2,cascade-10
txn-03244,level_2,cascade-10
txn-01976,,
txn-03235,level_2,cascade-10
txn-03245,level_2,cascade-10
txn-01424,,
txn-02208,,
txn-00281,,
txn-01029,,
txn-02636,,
txn-00683,,
txn-01464,,
txn-01855,,
txn-00074,,
txn-00057,,
txn-00158,,
txn-01257,,
txn-01931,,
txn-00413,,
txn-00962,,
txn-00964,,
txn-01517,,
txn-00166,,
txn-02007,,
txn-02595,,
txn-01007,,
txn-02898,,
txn-00970,,
txn-02593,,
txn-01064,,
txn-00687,,
txn-02129,,
txn-00764,,
txn-00748,,
txn-02983,,
txn-00272,,
txn-00268,,
txn-02799,,
txn-01246,,
txn-01053,,
txn-01992,,
txn-00671,,
txn-02629,,
txn-02034,,
txn-00509,,
txn-02985,,
txn-02935,,
txn-02443,,
txn-00365,,
txn-01660,,
txn-02399,,
txn-02147,,
txn-02134,,
txn-02894,,
txn-02314,,
txn-00892,,
txn-01455,,
txn-01575,,
txn-02824,,
txn-01308,,
txn-01786,,
txn-00932,,
txn-02366,,
txn-00711,,
txn-01808,,
txn-01158,,
txn-00994,,
txn-01709,,
txn-00417,,
txn-02522,,
txn-01813,,
txn-00697,,
txn-00511,,
txn-00988,,
txn-00185,,
txn-01791,,
txn-01518,,
txn-02371,,
txn-02720,,
txn-02515,,
txn-02679,,
txn-02502,,
txn-01262,,
txn-02163,,
txn-02560,,
txn-02212,,
txn-01717,,
txn-01893,,
txn-01273,,
txn-00099,,
txn-02981,,
txn-00944,,
txn-01664,,
txn-02885,,
txn-00950,,
txn-01928,,
txn-01511,,
txn-02510,,
txn-00377,,
txn-00677,,
txn-00870,,
txn-00971,,
txn-01364,,
txn-02612,,
txn-01873,,
txn-00483,,
txn-02674,,
txn-02880,,
txn-01524,,
txn-02324,,
txn-02528,,
txn-01382,,
txn-00171,,
txn-01650,,
txn-01340,,
txn-02179,,
txn-00828,,
txn-00720,,
txn-02741,,
txn-02186,,
txn-00722,,
txn-00882,,
txn-01288,,
txn-01604,,
txn-01475,,
txn-01798,,
txn-02664,,
txn-00104,,
txn-02713,,
txn-01295,,
txn-02352,,
txn-02682,,
txn-01764,,
txn-02892,,
txn-02225,,
txn-01089,,
txn-00198,,
txn-00502,,
txn-00218,,
txn-00820,,
txn-01459,,
txn-00851,,
txn-01652,,
txn-00116,,
txn-01770,,
txn-02180,,
txn-02740,,
txn-02765,,
txn-00010,,
txn-01001,,
txn-01275,,
txn-00056,,
txn-01170,,
txn-01963,,
txn-02346,,
txn-01192,,
txn-00253,,
txn-00244,,
txn-00240,,
txn-00983,,
txn-00707,,
txn-00674,,
txn-01833,,
txn-01850,,
txn-02171,,
txn-00818,,
txn-02417,,
txn-02621,,
txn-00458,,
txn-02156,,
txn-02398,,
txn-00230,,
txn-02226,,
txn-02818,,
txn-02182,,
txn-01111,,
txn-02703,,
txn-00523,,
txn-01149,,
txn-01676,,
txn-00091,,
txn-02442,,
txn-02118,,
txn-01239,,
txn-01703,,
txn-01483,,
txn-02574,,
txn-01954,,
txn-02157,,
txn-01356,,
txn-01384,,
txn-02142,,
txn-00581,,
txn-00451,,
txn-02102,,
txn-01875,,
txn-02178,,
txn-02654,,
txn-01519,,
txn-00163,,
txn-00588,,
txn-00499,,
txn-00432,,
txn-00173,,
txn-01948,,
txn-01098,,
txn-02786,,
txn-00053,,
txn-00512,,
txn-00202,,
txn-01343,,
txn-02111,,
txn-00471,,
txn-02183,,
txn-00906,,
txn-00497,,
txn-02020,,
txn-01807,,
txn-01133,,
txn-00330,,
txn-02494,,
txn-02375,,
txn-01409,,
txn-00234,,
txn-02563,,
txn-02957,,
txn-00639,,
txn-02718,,
txn-00195,,
txn-02663,,
txn-02088,,
txn-02397,,
txn-02881,,
txn-00776,,
txn-02393,,
txn-01363,,
txn-02466,,
txn-02099,,
txn-02173,,
txn-00149,,
txn-03000,,
txn-01176,,
txn-00559,,
txn-01107,,
txn-01476,,
txn-01740,,
txn-03260,level_3,cascade-11
txn-02764,,
txn-03262,level_3,cascade-11
txn-03257,level_3,cascade-11
txn-03264,,
txn-00489,,
txn-02600,,
txn-01037,,
txn-02473,,
txn-00389,,
txn-00387,,
txn-00186,,
txn-03265,,
txn-03263,level_3,cascade-11
txn-03266,,
txn-02374,,
txn-03250,level_3,cascade-11
txn-03258,level_3,cascade-11
txn-03252,level_3,cascade-11
txn-00446,,
txn-03249,level_3,cascade-11
txn-03248,level_3,cascade-11
txn-00037,,
txn-01708,,
txn-03247,level_3,cascade-11
txn-03256,level_3,cascade-11
txn-00082,,
txn-02468,,
txn-00008,,
txn-03261,level_3,cascade-11
txn-01175,,
txn-03254,level_3,cascade-11
txn-03253,level_3,cascade-11
txn-01577,,
txn-02394,,
txn-01017,,
txn-00775,,
txn-03259,level_3,cascade-11
txn-00488,,
txn-03251,level_3,cascade-11
txn-01355,,
txn-02164,,
txn-02169,,
txn-03255,level_3,cascade-11
txn-02021,,
txn-02476,,
txn-00445,,
txn-02658,,
txn-00437,,
txn-02932,,
txn-00187,,
txn-01859,,
txn-00450,,
txn-01148,,
txn-02768,,
txn-00838,,
txn-01996,,
txn-02304,,
txn-01509,,
txn-00454,,
txn-01858,,
txn-01994,,
txn-01242,,
txn-02837,,
txn-02418,,
txn-00702,,
txn-02727,,
txn-00157,,
txn-00752,,
txn-02025,,
txn-01568,,
txn-00817,,
txn-01168,,
txn-00200,,
txn-01796,,
txn-01038,,
txn-02349,,
txn-01003,,
txn-00444,,
txn-00723,,
txn-01946,,
txn-02517,,
txn-01744,,
txn-02431,,
txn-02154,,
txn-00492,,
txn-00947,,
txn-01299,,
txn-00715,,
